signal_time,direction,outcome,R,entry,sl,tp,hull_1d_L49,hull_1d_L78,hull_1d_L100,hull_1d_L160,hull_12h_L49,hull_12h_L78,hull_12h_L100,hull_12h_L160,hull_4h_L49,hull_4h_L78,hull_4h_L100,hull_4h_L160,hull_1h_L49,hull_1h_L78,hull_1h_L100,hull_1h_L160,ema200_1d,ema200_4h,ema200_1h,ema200_15m,asvk_1h,asvk_4h,mh_1h_color,mh_1h_color_align,mh_4h_color,mh_4h_color_align,mh_1h_mf_align,mh_4h_mf_align,hour,weekday,session,do_align,atr_ratio_bin
2020-02-28T11:15:00+00:00,LONG,loss,-1.0,8597.52,8445.0,8933.06,na,na,na,na,counter,counter,counter,na,counter,counter,counter,counter,counter,counter,counter,counter,aligned,counter,counter,counter,yellow_OS,green,red,counter,grey_from_red,aligned,counter,counter,11,Friday,London,aligned,med
2020-02-02T04:40:00+00:00,LONG,loss,-1.0,9281.49,9120.0,9636.78,na,na,na,na,aligned,na,na,na,counter,counter,counter,aligned,counter,counter,counter,counter,aligned,aligned,aligned,counter,green,na,red,counter,grey_from_green,counter,counter,aligned,4,Sunday,Asia,aligned,med
2020-04-23T16:45:00+00:00,SHORT,loss,-1.0,7530.5,7600.0,7377.6,counter,counter,counter,na,counter,aligned,aligned,counter,counter,counter,counter,counter,counter,counter,counter,counter,aligned,counter,counter,counter,red,yellow_OB,green,counter,green,counter,counter,counter,16,Thursday,NY,aligned,high
2020-03-19T23:15:00+00:00,SHORT,loss,-1.0,6227.72,6400.0,5848.69,aligned,na,na,na,counter,aligned,aligned,na,counter,counter,counter,counter,counter,counter,counter,counter,aligned,aligned,counter,counter,red,red,green,counter,green,counter,counter,aligned,23,Thursday,off,aligned,high
2020-05-14T12:00:00+00:00,SHORT,loss,-1.0,9714.45,9799.13,9528.17,counter,counter,counter,na,counter,counter,counter,counter,counter,counter,counter,counter,counter,counter,counter,counter,counter,counter,counter,counter,red,yellow_OB,green,counter,green,counter,counter,counter,12,Thursday,NY,aligned,high
2020-05-15T21:30:00+00:00,LONG,win,2.2,9327.3,9150.0,9717.34,aligned,aligned,aligned,na,aligned,counter,aligned,aligned,counter,aligned,aligned,counter,counter,counter,counter,counter,aligned,aligned,aligned,counter,green,neutral,red,counter,grey_from_green,counter,aligned,aligned,21,Friday,off,aligned,med
2020-08-07T20:15:00+00:00,LONG,win,2.2,11527.5,11322.0,11979.6,aligned,aligned,aligned,aligned,counter,aligned,aligned,aligned,counter,counter,counter,counter,counter,counter,counter,counter,aligned,aligned,aligned,counter,green,neutral,red,counter,grey_from_green,counter,aligned,aligned,20,Friday,off,aligned,med
2020-11-29T11:30:00+00:00,SHORT,loss,-1.0,18131.21,18250.0,17869.86,aligned,aligned,counter,counter,aligned,aligned,aligned,aligned,counter,counter,aligned,aligned,counter,counter,counter,counter,counter,counter,counter,counter,red,neutral,green,counter,green,counter,counter,counter,11,Sunday,London,aligned,med
2021-01-04T12:00:00+00:00,LONG,win,2.2,30363.36,28130.0,35276.75,aligned,aligned,aligned,aligned,aligned,aligned,aligned,aligned,counter,counter,counter,aligned,counter,counter,counter,counter,aligned,aligned,aligned,counter,green,neutral,red,counter,grey_from_green,counter,aligned,aligned,12,Monday,NY,aligned,high
2021-05-01T06:00:00+00:00,SHORT,win,2.2,58160.71,58422.31,57585.21,counter,aligned,aligned,aligned,counter,counter,counter,counter,counter,counter,counter,counter,counter,counter,counter,counter,counter,counter,counter,counter,red,red,grey_from_green,aligned,green,counter,counter,counter,6,Saturday,Asia,aligned,med
2021-05-14T16:40:00+00:00,SHORT,win,2.2,51009.32,51483.0,49967.24,aligned,aligned,aligned,aligned,aligned,aligned,aligned,aligned,counter,aligned,aligned,aligned,counter,counter,counter,counter,counter,aligned,aligned,aligned,yellow_OB,yellow_OS,green,counter,red,aligned,aligned,aligned,16,Friday,NY,aligned,low
2022-01-24T14:30:00+00:00,LONG,win,2.2,33385.27,32917.17,34415.09,counter,counter,counter,counter,counter,counter,counter,counter,counter,counter,counter,counter,counter,counter,counter,counter,counter,counter,counter,counter,yellow_OS,yellow_OS,red,counter,grey_from_red,aligned,counter,counter,14,Monday,NY,aligned,med
2022-01-22T10:40:00+00:00,LONG,loss,-1.0,35087.1,34008.0,37461.14,counter,counter,counter,counter,counter,counter,counter,counter,counter,counter,counter,counter,counter,counter,counter,counter,counter,counter,counter,counter,green,green,red,counter,red,counter,counter,counter,10,Saturday,London,aligned,high
2021-08-05T19:45:00+00:00,SHORT,win,2.2,40984.56,41350.0,40180.58,counter,counter,counter,counter,aligned,aligned,counter,counter,counter,aligned,aligned,aligned,counter,counter,counter,counter,counter,counter,counter,counter,red,neutral,grey_from_red,counter,grey_from_red,counter,counter,aligned,19,Thursday,off,aligned,high
2021-08-22T19:20:00+00:00,LONG,win,2.2,48539.28,48168.01,49356.07,aligned,aligned,aligned,aligned,aligned,aligned,aligned,aligned,aligned,aligned,aligned,aligned,counter,counter,counter,counter,aligned,aligned,aligned,counter,yellow_OS,yellow_OB,red,counter,grey_from_green,counter,aligned,aligned,19,Sunday,off,aligned,med
2021-09-23T10:15:00+00:00,SHORT,loss,-1.0,43897.57,44200.0,43232.21,aligned,aligned,aligned,aligned,aligned,aligned,aligned,aligned,counter,counter,aligned,aligned,counter,counter,counter,counter,counter,aligned,aligned,counter,yellow_OB,neutral,grey_from_green,aligned,grey_from_red,counter,counter,counter,10,Thursday,London,aligned,low
2021-09-24T06:45:00+00:00,SHORT,loss,-1.0,44304.6,45200.0,42334.74,aligned,aligned,aligned,aligned,aligned,aligned,aligned,aligned,counter,counter,counter,aligned,aligned,aligned,aligned,counter,counter,aligned,aligned,counter,neutral,neutral,grey_from_green,aligned,green,counter,counter,counter,6,Friday,Asia,counter,low
2021-11-12T12:15:00+00:00,LONG,loss,-1.0,63820.29,63244.24,65087.58,counter,counter,aligned,aligned,counter,counter,counter,counter,counter,counter,counter,counter,counter,counter,counter,counter,aligned,aligned,counter,counter,yellow_OS,green,red,counter,red,counter,counter,aligned,12,Friday,NY,aligned,med
2024-02-28T17:30:00+00:00,SHORT,loss,-1.0,61980.72,64000.0,57538.3,counter,counter,counter,counter,counter,counter,counter,counter,counter,counter,counter,counter,counter,counter,counter,counter,counter,counter,counter,counter,red,red,green,counter,green,counter,counter,counter,17,Wednesday,off,aligned,high
2024-02-26T22:30:00+00:00,SHORT,loss,-1.0,54609.79,54910.0,53949.33,aligned,counter,counter,counter,aligned,aligned,aligned,counter,counter,counter,counter,counter,counter,counter,counter,counter,counter,counter,counter,counter,red,yellow_OB,green,counter,green,counter,counter,counter,22,Monday,off,aligned,high
2021-12-23T03:45:00+00:00,LONG,loss,-1.0,48374.99,48208.25,48741.82,aligned,aligned,counter,counter,aligned,aligned,aligned,aligned,aligned,aligned,aligned,aligned,counter,counter,counter,counter,counter,counter,aligned,counter,yellow_OS,red,red,counter,green,aligned,aligned,counter,3,Thursday,Asia,aligned,med
2022-01-13T00:40:00+00:00,SHORT,loss,-1.0,43850.06,44075.42,43354.25,aligned,counter,counter,aligned,counter,counter,aligned,counter,counter,counter,counter,counter,counter,counter,counter,counter,aligned,aligned,counter,counter,red,red,green,counter,green,counter,counter,aligned,0,Thursday,Asia,counter,med
2022-02-01T17:30:00+00:00,SHORT,win,2.2,38865.33,39265.2,37985.63,counter,counter,counter,aligned,counter,counter,counter,counter,counter,counter,counter,counter,counter,counter,counter,counter,aligned,aligned,counter,counter,yellow_OB,red,green,counter,green,counter,counter,counter,17,Tuesday,off,aligned,med
2022-01-26T06:30:00+00:00,SHORT,loss,-1.0,37552.4,37974.43,36623.92,aligned,aligned,aligned,aligned,aligned,aligned,aligned,aligned,counter,counter,counter,counter,counter,counter,counter,counter,aligned,aligned,aligned,counter,red,yellow_OB,green,counter,green,counter,counter,aligned,6,Wednesday,Asia,aligned,low
2022-02-18T01:40:00+00:00,LONG,loss,-1.0,40694.51,40300.0,41562.42,counter,aligned,aligned,aligned,counter,counter,counter,aligned,counter,counter,counter,counter,counter,counter,counter,counter,counter,counter,counter,counter,green,yellow_OS,red,counter,red,counter,counter,counter,1,Friday,Asia,counter,high
2022-02-19T11:00:00+00:00,LONG,loss,-1.0,39892.15,39639.03,40449.01,counter,aligned,aligned,aligned,counter,counter,counter,aligned,counter,counter,counter,counter,aligned,aligned,aligned,counter,counter,counter,counter,counter,yellow_OS,yellow_OS,green,aligned,red,counter,counter,counter,11,Saturday,London,aligned,low
2022-03-03T22:15:00+00:00,LONG,loss,-1.0,42241.34,41832.28,43141.27,aligned,aligned,aligned,aligned,aligned,aligned,aligned,aligned,counter,counter,aligned,aligned,counter,counter,counter,counter,counter,aligned,aligned,counter,green,neutral,red,counter,grey_from_green,counter,counter,aligned,22,Thursday,off,aligned,med
2022-03-22T06:15:00+00:00,SHORT,loss,-1.0,42669.23,43361.0,41147.32,counter,counter,counter,counter,counter,counter,counter,counter,counter,counter,counter,counter,counter,counter,counter,counter,aligned,counter,counter,counter,red,yellow_OB,green,counter,red,aligned,aligned,counter,6,Tuesday,Asia,aligned,high
2022-03-06T01:40:00+00:00,SHORT,win,2.2,39501.88,39693.87,39079.5,aligned,aligned,counter,counter,aligned,aligned,aligned,aligned,aligned,aligned,aligned,aligned,counter,counter,counter,counter,aligned,aligned,aligned,aligned,neutral,green,green,counter,red,aligned,aligned,aligned,1,Sunday,Asia,aligned,low
2022-04-06T20:00:00+00:00,LONG,loss,-1.0,43719.89,43527.09,44144.07,counter,aligned,aligned,aligned,counter,counter,counter,aligned,counter,counter,counter,counter,counter,counter,counter,counter,aligned,aligned,counter,counter,green,green,red,counter,red,counter,counter,counter,20,Wednesday,off,aligned,high
2022-03-30T02:15:00+00:00,LONG,loss,-1.0,46971.06,46445.42,48127.45,aligned,aligned,aligned,aligned,aligned,aligned,aligned,aligned,aligned,aligned,aligned,aligned,counter,counter,counter,counter,aligned,aligned,aligned,counter,green,yellow_OB,red,counter,grey_from_green,counter,aligned,aligned,2,Wednesday,Asia,aligned,med
2023-12-05T23:15:00+00:00,SHORT,win,2.2,44116.6,44488.0,43299.5,counter,counter,counter,counter,counter,counter,counter,counter,counter,counter,counter,counter,counter,counter,counter,counter,counter,counter,counter,counter,red,red,green,counter,grey_from_green,aligned,counter,counter,23,Tuesday,off,aligned,high
2023-03-17T12:15:00+00:00,SHORT,win,2.2,26756.58,26970.0,26287.06,counter,counter,counter,counter,counter,counter,counter,counter,counter,counter,counter,counter,counter,counter,counter,counter,counter,counter,counter,counter,red,red,green,counter,green,counter,counter,counter,12,Friday,NY,aligned,med
2023-03-14T16:30:00+00:00,SHORT,win,2.2,25857.48,26140.0,25235.94,counter,counter,aligned,aligned,counter,counter,counter,counter,counter,counter,counter,counter,counter,counter,counter,counter,counter,counter,counter,counter,red,red,green,counter,green,counter,counter,counter,16,Tuesday,NY,aligned,med
2022-07-30T17:30:00+00:00,SHORT,win,2.2,24523.94,24593.02,24371.96,counter,counter,counter,counter,counter,counter,counter,counter,counter,counter,counter,counter,counter,counter,counter,counter,aligned,counter,counter,counter,red,red,green,counter,grey_from_green,aligned,counter,aligned,17,Saturday,off,aligned,low
2022-07-10T05:00:00+00:00,LONG,loss,-1.0,21257.49,21161.36,21468.98,aligned,aligned,aligned,aligned,aligned,aligned,aligned,aligned,counter,counter,aligned,aligned,counter,counter,counter,counter,counter,counter,aligned,counter,green,yellow_OB,red,counter,grey_from_green,counter,counter,aligned,5,Sunday,Asia,aligned,low
2022-09-12T02:15:00+00:00,SHORT,loss,-1.0,21942.42,22374.0,20992.93,counter,counter,counter,counter,counter,counter,counter,counter,counter,counter,counter,counter,counter,counter,counter,aligned,aligned,counter,counter,counter,yellow_OB,red,green,counter,grey_from_green,aligned,counter,counter,2,Monday,Asia,aligned,high
2022-08-24T20:00:00+00:00,SHORT,win,2.2,21740.29,21809.0,21589.13,aligned,aligned,aligned,counter,aligned,aligned,aligned,aligned,counter,counter,counter,aligned,counter,counter,counter,counter,aligned,aligned,aligned,counter,red,neutral,green,counter,green,counter,counter,aligned,20,Wednesday,off,aligned,med
2022-09-14T19:45:00+00:00,LONG,loss,-1.0,19881.21,19617.62,20461.11,aligned,counter,counter,aligned,counter,aligned,aligned,counter,counter,counter,counter,counter,counter,counter,counter,counter,counter,counter,counter,counter,green,yellow_OS,red,counter,red,counter,counter,aligned,19,Wednesday,off,aligned,low
2022-09-14T08:40:00+00:00,LONG,loss,-1.0,20291.35,20130.98,20644.15,aligned,counter,counter,aligned,counter,aligned,aligned,counter,counter,counter,counter,counter,aligned,counter,counter,counter,counter,counter,counter,counter,green,yellow_OS,grey_from_red,aligned,red,counter,counter,aligned,8,Wednesday,London,counter,low
2022-10-26T12:00:00+00:00,SHORT,loss,-1.0,20618.38,20749.68,20329.52,counter,counter,counter,counter,counter,counter,counter,counter,counter,counter,counter,counter,counter,counter,counter,counter,aligned,counter,counter,counter,red,red,green,counter,green,counter,counter,counter,12,Wednesday,NY,aligned,high
2023-01-12T21:15:00+00:00,SHORT,loss,-1.0,18879.39,19117.04,18356.54,counter,counter,counter,counter,counter,counter,counter,counter,counter,counter,counter,counter,counter,counter,counter,counter,aligned,counter,counter,counter,red,red,green,counter,green,counter,counter,counter,21,Thursday,off,aligned,high
2022-12-15T09:30:00+00:00,LONG,loss,-1.0,17659.62,17610.22,17768.32,aligned,aligned,aligned,aligned,aligned,aligned,aligned,aligned,aligned,aligned,aligned,aligned,counter,counter,counter,counter,counter,aligned,aligned,counter,yellow_OS,yellow_OB,red,counter,green,aligned,aligned,aligned,9,Thursday,London,aligned,med
2023-01-25T02:15:00+00:00,LONG,win,2.2,22507.97,22300.0,22965.49,aligned,aligned,aligned,aligned,counter,aligned,aligned,aligned,counter,counter,counter,counter,counter,counter,counter,counter,aligned,aligned,aligned,counter,green,neutral,red,counter,grey_from_green,counter,aligned,aligned,2,Wednesday,Asia,aligned,high
2023-02-14T22:30:00+00:00,SHORT,win,2.2,22217.9,22285.0,22070.26,aligned,aligned,aligned,counter,aligned,aligned,aligned,aligned,counter,counter,counter,counter,counter,counter,counter,counter,counter,counter,counter,counter,red,neutral,green,counter,green,counter,counter,aligned,22,Tuesday,off,aligned,high
2023-02-24T23:15:00+00:00,LONG,loss,-1.0,23128.82,22974.3,23468.75,aligned,counter,counter,aligned,counter,aligned,counter,counter,counter,counter,counter,counter,counter,counter,counter,counter,aligned,aligned,counter,counter,green,green,red,counter,red,counter,counter,aligned,23,Friday,off,aligned,med
2023-03-12T19:20:00+00:00,SHORT,loss,-1.0,21026.98,21331.75,20356.49,aligned,aligned,aligned,aligned,aligned,aligned,aligned,aligned,counter,counter,aligned,aligned,counter,counter,counter,counter,aligned,aligned,aligned,counter,red,neutral,green,counter,grey_from_red,counter,counter,aligned,19,Sunday,off,aligned,med
2023-04-17T16:30:00+00:00,LONG,loss,-1.0,29401.18,29240.65,29754.36,aligned,aligned,aligned,aligned,counter,counter,counter,counter,counter,counter,counter,counter,counter,counter,counter,counter,aligned,aligned,counter,counter,green,green,red,counter,red,counter,counter,aligned,16,Monday,NY,aligned,high
2023-05-31T20:30:00+00:00,LONG,win,2.2,27069.67,27000.2,27222.52,aligned,aligned,counter,counter,aligned,aligned,aligned,aligned,counter,counter,counter,counter,counter,counter,counter,counter,aligned,counter,counter,counter,green,yellow_OS,grey_from_red,aligned,red,counter,counter,aligned,20,Wednesday,off,aligned,med
2023-10-02T14:15:00+00:00,SHORT,win,2.2,28323.88,28580.0,27760.43,counter,counter,counter,counter,counter,counter,counter,counter,counter,counter,counter,counter,counter,counter,counter,counter,counter,counter,counter,counter,red,red,grey_from_green,aligned,green,counter,counter,counter,14,Monday,NY,aligned,high
2023-10-04T02:15:00+00:00,LONG,win,2.2,27381.15,27202.0,27775.3,aligned,aligned,aligned,aligned,aligned,aligned,aligned,aligned,counter,counter,aligned,aligned,aligned,counter,counter,counter,aligned,aligned,aligned,counter,green,neutral,grey_from_red,aligned,grey_from_green,counter,counter,aligned,2,Wednesday,Asia,aligned,med
2023-10-13T14:15:00+00:00,SHORT,loss,-1.0,26827.37,26966.85,26520.51,aligned,aligned,counter,counter,aligned,aligned,aligned,aligned,counter,aligned,aligned,aligned,counter,counter,counter,counter,aligned,aligned,aligned,aligned,yellow_OB,green,green,counter,grey_from_red,counter,aligned,aligned,14,Friday,NY,aligned,low
2024-01-24T11:15:00+00:00,SHORT,win,2.2,40271.43,40555.0,39647.58,aligned,aligned,aligned,aligned,aligned,aligned,aligned,aligned,aligned,aligned,aligned,aligned,counter,counter,counter,counter,counter,aligned,aligned,counter,red,yellow_OS,green,counter,red,aligned,aligned,aligned,11,Wednesday,London,aligned,low
2024-07-02T10:40:00+00:00,LONG,win,2.2,62683.54,62485.63,63118.94,aligned,counter,counter,counter,aligned,aligned,aligned,counter,aligned,aligned,aligned,aligned,counter,counter,counter,counter,aligned,counter,aligned,aligned,yellow_OS,red,red,counter,green,aligned,aligned,aligned,10,Tuesday,London,aligned,low
2024-08-04T18:15:00+00:00,LONG,loss,-1.0,58078.32,57122.77,60180.55,counter,counter,counter,counter,counter,counter,counter,counter,counter,counter,counter,counter,counter,counter,counter,counter,aligned,counter,counter,counter,yellow_OS,green,red,counter,red,counter,counter,counter,18,Sunday,off,aligned,med
2024-08-03T20:30:00+00:00,LONG,loss,-1.0,60495.59,59850.0,61915.87,counter,counter,counter,counter,counter,counter,counter,counter,counter,counter,counter,counter,counter,counter,counter,counter,aligned,counter,counter,counter,green,green,red,counter,red,counter,counter,counter,20,Saturday,off,aligned,low
2024-07-21T17:00:00+00:00,LONG,loss,-1.0,67213.29,65777.0,70373.11,aligned,aligned,aligned,aligned,aligned,aligned,aligned,aligned,aligned,counter,aligned,aligned,aligned,aligned,counter,aligned,aligned,aligned,aligned,aligned,yellow_OB,red,red,counter,green,aligned,aligned,aligned,17,Sunday,off,counter,med
2024-08-27T03:45:00+00:00,LONG,loss,-1.0,62904.49,62716.0,63319.18,aligned,aligned,aligned,aligned,aligned,aligned,aligned,aligned,counter,counter,counter,aligned,counter,counter,counter,counter,aligned,aligned,aligned,counter,green,neutral,red,counter,grey_from_green,counter,counter,aligned,3,Tuesday,Asia,counter,high
2024-09-19T03:15:00+00:00,SHORT,win,2.2,62168.08,62329.0,61814.06,counter,counter,counter,counter,counter,counter,counter,counter,counter,counter,counter,counter,counter,counter,counter,counter,counter,counter,counter,counter,red,yellow_OB,green,counter,green,counter,counter,counter,3,Thursday,Asia,aligned,high
2024-09-09T14:20:00+00:00,SHORT,loss,-1.0,55362.15,55799.0,54401.06,aligned,aligned,aligned,aligned,aligned,aligned,aligned,aligned,counter,counter,counter,aligned,counter,counter,counter,counter,aligned,aligned,aligned,counter,red,neutral,green,counter,grey_from_red,counter,counter,aligned,14,Monday,NY,aligned,med
2024-09-11T11:15:00+00:00,LONG,loss,-1.0,56605.63,56328.26,57215.84,counter,counter,counter,counter,aligned,aligned,counter,counter,aligned,aligned,aligned,aligned,counter,counter,counter,counter,counter,counter,aligned,aligned,yellow_OS,yellow_OB,red,counter,green,aligned,aligned,counter,11,Wednesday,London,aligned,med
2024-10-09T15:15:00+00:00,LONG,loss,-1.0,61970.97,61634.61,62710.98,counter,counter,aligned,aligned,counter,counter,counter,counter,counter,aligned,aligned,counter,counter,counter,counter,counter,aligned,aligned,counter,counter,yellow_OS,yellow_OS,red,counter,red,counter,counter,counter,15,Wednesday,NY,aligned,low
2026-02-06T05:15:00+00:00,LONG,win,2.2,65150.13,63770.17,68186.04,counter,counter,counter,counter,counter,counter,counter,counter,counter,counter,counter,counter,aligned,counter,counter,counter,counter,counter,counter,counter,neutral,green,grey_from_red,aligned,red,counter,counter,counter,5,Friday,Asia,counter,high
2024-11-01T04:30:00+00:00,LONG,loss,-1.0,69472.76,69334.0,69778.05,aligned,aligned,aligned,aligned,aligned,aligned,aligned,aligned,counter,counter,counter,counter,counter,counter,counter,counter,aligned,aligned,counter,counter,green,yellow_OS,red,counter,red,counter,counter,aligned,4,Friday,Asia,aligned,high
2024-10-31T17:15:00+00:00,LONG,loss,-1.0,70553.32,70355.93,70987.59,aligned,aligned,aligned,aligned,aligned,aligned,aligned,aligned,counter,counter,aligned,aligned,counter,counter,counter,counter,aligned,aligned,aligned,counter,green,yellow_OB,red,counter,grey_from_green,counter,counter,aligned,17,Thursday,off,aligned,med
2025-02-26T20:45:00+00:00,LONG,loss,-1.0,83947.2,82256.01,87667.82,counter,counter,counter,counter,counter,counter,counter,counter,counter,counter,counter,counter,counter,counter,counter,counter,aligned,counter,counter,counter,yellow_OS,green,red,counter,grey_from_red,aligned,counter,counter,20,Wednesday,off,aligned,med
2025-02-27T00:00:00+00:00,LONG,win,2.2,84232.35,83918.38,84923.07,counter,counter,counter,counter,counter,counter,counter,counter,counter,counter,counter,counter,counter,counter,counter,counter,counter,counter,counter,counter,yellow_OS,green,red,counter,grey_from_red,aligned,counter,counter,0,Thursday,Asia,aligned,med
2025-06-11T23:20:00+00:00,LONG,loss,-1.0,108475.52,108064.0,109380.88,aligned,counter,counter,aligned,aligned,aligned,aligned,counter,counter,aligned,aligned,aligned,counter,counter,counter,counter,aligned,aligned,aligned,counter,green,yellow_OB,red,counter,grey_from_green,counter,counter,aligned,23,Wednesday,off,aligned,med
2025-07-25T07:15:00+00:00,LONG,loss,-1.0,115445.39,114723.16,117034.31,counter,aligned,aligned,aligned,counter,counter,counter,aligned,counter,counter,counter,counter,counter,counter,counter,counter,aligned,aligned,counter,counter,yellow_OS,yellow_OS,red,counter,grey_from_green,counter,counter,counter,7,Friday,London,aligned,med
2025-10-01T06:20:00+00:00,SHORT,loss,-1.0,114496.11,114740.0,113959.54,aligned,counter,counter,aligned,counter,counter,counter,counter,counter,counter,counter,counter,counter,counter,aligned,counter,counter,counter,counter,counter,yellow_OB,yellow_OB,green,counter,grey_from_green,aligned,counter,aligned,6,Wednesday,Asia,aligned,med
2025-10-13T02:15:00+00:00,SHORT,win,2.2,115460.02,115963.81,114351.68,aligned,aligned,aligned,aligned,aligned,aligned,aligned,aligned,counter,aligned,aligned,aligned,counter,counter,counter,counter,counter,aligned,aligned,counter,red,yellow_OS,green,counter,grey_from_red,counter,aligned,aligned,2,Monday,Asia,aligned,low
2025-10-28T01:15:00+00:00,LONG,loss,-1.0,114084.32,113788.32,114735.5,aligned,aligned,aligned,counter,aligned,aligned,aligned,aligned,aligned,aligned,aligned,aligned,counter,counter,counter,counter,aligned,aligned,aligned,aligned,green,red,red,counter,green,aligned,aligned,aligned,1,Tuesday,Asia,aligned,med
2026-01-14T22:40:00+00:00,SHORT,win,2.2,97302.24,97924.49,95933.29,counter,counter,counter,counter,counter,counter,counter,counter,counter,counter,counter,counter,counter,counter,counter,counter,aligned,counter,counter,counter,red,red,green,counter,green,counter,counter,counter,22,Wednesday,off,aligned,med
2026-03-09T17:30:00+00:00,SHORT,loss,-1.0,68827.51,69225.0,67953.05,counter,counter,counter,aligned,aligned,counter,counter,counter,counter,aligned,aligned,aligned,counter,counter,counter,counter,aligned,aligned,counter,counter,red,neutral,green,counter,grey_from_red,counter,aligned,aligned,17,Monday,off,aligned,high
2026-04-08T13:40:00+00:00,SHORT,loss,-1.0,72019.64,72857.0,70177.45,counter,counter,counter,counter,counter,counter,counter,counter,counter,counter,counter,counter,counter,counter,counter,counter,aligned,counter,counter,counter,red,red,grey_from_green,aligned,green,counter,counter,counter,13,Wednesday,NY,aligned,med
2026-04-15T08:15:00+00:00,LONG,win,2.2,73810.33,73514.0,74462.24,aligned,aligned,aligned,aligned,aligned,aligned,aligned,aligned,aligned,aligned,aligned,aligned,counter,counter,counter,counter,counter,aligned,aligned,aligned,yellow_OS,yellow_OB,red,counter,green,aligned,aligned,aligned,8,Wednesday,London,aligned,med
2020-02-20T16:45:00+00:00,LONG,win,2.2,9572.99,9400.0,9953.57,na,na,na,na,counter,counter,na,na,counter,counter,counter,counter,aligned,counter,counter,counter,aligned,aligned,counter,counter,yellow_OS,yellow_OS,grey_from_red,aligned,red,counter,aligned,counter,16,Thursday,NY,aligned,low
2020-02-24T10:30:00+00:00,LONG,win,2.2,9733.28,9694.74,9818.07,na,na,na,na,aligned,counter,na,na,aligned,aligned,aligned,counter,counter,counter,counter,counter,aligned,aligned,counter,counter,yellow_OS,neutral,red,counter,green,aligned,aligned,counter,10,Monday,London,aligned,high
2020-02-27T20:30:00+00:00,SHORT,win,2.2,8889.97,8919.0,8826.1,na,na,na,na,aligned,aligned,aligned,na,aligned,aligned,aligned,aligned,counter,counter,counter,counter,counter,aligned,aligned,aligned,yellow_OB,green,green,counter,red,aligned,aligned,aligned,20,Thursday,off,aligned,med
2020-03-20T21:40:00+00:00,LONG,win,2.2,6086.94,5670.0,7004.22,counter,na,na,na,aligned,aligned,aligned,na,aligned,aligned,aligned,aligned,counter,counter,counter,counter,counter,counter,counter,counter,neutral,red,red,counter,green,aligned,aligned,aligned,21,Friday,off,aligned,high
2020-04-30T19:20:00+00:00,LONG,win,2.2,8750.51,8401.0,9519.43,aligned,aligned,aligned,na,aligned,aligned,aligned,aligned,aligned,aligned,aligned,aligned,counter,counter,counter,aligned,aligned,aligned,aligned,aligned,green,red,red,counter,green,aligned,aligned,aligned,19,Thursday,off,aligned,high
2020-05-22T19:40:00+00:00,SHORT,loss,-1.0,9188.26,9224.0,9109.62,aligned,aligned,counter,na,aligned,aligned,aligned,aligned,aligned,aligned,aligned,aligned,counter,counter,counter,counter,counter,counter,aligned,aligned,yellow_OB,green,green,counter,red,aligned,aligned,counter,19,Friday,off,aligned,low
2020-06-16T14:30:00+00:00,SHORT,win,2.2,9521.58,9589.0,9373.27,aligned,aligned,aligned,na,aligned,aligned,aligned,aligned,counter,counter,counter,aligned,aligned,counter,counter,counter,counter,counter,counter,counter,red,yellow_OB,grey_from_green,aligned,grey_from_red,counter,counter,counter,14,Tuesday,NY,aligned,med
2020-07-10T10:45:00+00:00,LONG,win,2.2,9175.98,9157.95,9215.65,aligned,counter,counter,counter,aligned,aligned,aligned,counter,counter,counter,counter,aligned,aligned,counter,counter,counter,aligned,counter,counter,counter,yellow_OS,yellow_OS,red,counter,red,counter,counter,counter,10,Friday,London,aligned,med
2020-07-09T20:40:00+00:00,LONG,loss,-1.0,9221.94,9188.0,9296.61,aligned,aligned,counter,counter,aligned,aligned,aligned,aligned,counter,counter,counter,aligned,counter,counter,counter,counter,aligned,counter,counter,counter,green,neutral,red,counter,grey_from_green,counter,counter,aligned,20,Thursday,off,aligned,med
2020-07-10T20:45:00+00:00,SHORT,loss,-1.0,9239.51,9255.5,9204.33,counter,aligned,aligned,aligned,counter,counter,counter,aligned,aligned,aligned,aligned,counter,counter,counter,counter,aligned,counter,aligned,counter,aligned,neutral,neutral,green,counter,red,aligned,counter,counter,20,Friday,off,aligned,low
2020-08-11T21:30:00+00:00,LONG,win,2.2,11251.15,11125.0,11528.66,aligned,aligned,aligned,aligned,counter,counter,aligned,aligned,counter,counter,counter,counter,counter,counter,counter,counter,aligned,aligned,counter,counter,green,yellow_OS,red,counter,red,counter,counter,aligned,21,Tuesday,off,aligned,med
2020-08-12T20:30:00+00:00,SHORT,win,2.2,11562.49,11595.0,11490.98,aligned,counter,counter,counter,aligned,aligned,aligned,counter,aligned,aligned,aligned,aligned,counter,counter,counter,counter,counter,counter,counter,aligned,yellow_OB,yellow_OS,green,counter,red,aligned,aligned,counter,20,Wednesday,off,aligned,med
2020-09-01T22:30:00+00:00,SHORT,win,2.2,11997.94,12050.0,11883.41,aligned,aligned,aligned,counter,counter,counter,aligned,aligned,counter,counter,counter,counter,counter,counter,counter,counter,counter,counter,counter,counter,yellow_OB,yellow_OB,green,counter,green,counter,counter,counter,22,Tuesday,off,aligned,med
2020-08-30T03:15:00+00:00,SHORT,win,2.2,11620.16,11637.3,11582.44,aligned,aligned,aligned,counter,aligned,aligned,aligned,aligned,counter,counter,counter,aligned,counter,counter,counter,counter,counter,counter,counter,counter,red,neutral,green,counter,green,counter,counter,counter,3,Sunday,Asia,aligned,med
2020-09-15T14:00:00+00:00,SHORT,win,2.2,10858.44,10930.04,10700.92,counter,aligned,aligned,aligned,counter,counter,counter,aligned,counter,counter,counter,counter,counter,counter,counter,counter,counter,aligned,counter,counter,yellow_OB,red,grey_from_green,aligned,green,counter,counter,counter,14,Tuesday,NY,aligned,high
2020-09-21T19:00:00+00:00,LONG,loss,-1.0,10421.22,10356.54,10563.5,aligned,counter,counter,counter,counter,aligned,aligned,counter,counter,counter,counter,counter,counter,counter,counter,counter,aligned,counter,counter,counter,green,yellow_OS,red,counter,red,counter,counter,aligned,19,Monday,off,aligned,high
2020-09-22T14:45:00+00:00,SHORT,loss,-1.0,10479.68,10520.0,10390.98,counter,aligned,aligned,aligned,aligned,counter,counter,aligned,aligned,aligned,aligned,aligned,counter,counter,counter,aligned,counter,aligned,aligned,aligned,yellow_OS,yellow_OS,grey_from_red,counter,red,aligned,aligned,counter,14,Tuesday,NY,aligned,med
2020-09-22T22:15:00+00:00,SHORT,win,2.2,10527.58,10572.71,10428.29,counter,aligned,aligned,aligned,aligned,counter,counter,aligned,aligned,aligned,aligned,aligned,counter,counter,counter,counter,counter,aligned,aligned,aligned,neutral,yellow_OS,green,counter,red,aligned,aligned,counter,22,Tuesday,off,aligned,low
2020-09-25T14:45:00+00:00,LONG,win,2.2,10616.06,10556.24,10747.68,aligned,counter,counter,counter,counter,aligned,aligned,counter,aligned,aligned,aligned,counter,counter,counter,aligned,aligned,aligned,counter,counter,aligned,yellow_OB,yellow_OB,red,counter,green,aligned,aligned,aligned,14,Friday,NY,aligned,med
2020-10-05T03:15:00+00:00,SHORT,loss,-1.0,10695.99,10741.63,10595.58,counter,counter,aligned,aligned,aligned,aligned,counter,counter,counter,counter,counter,counter,counter,counter,counter,counter,counter,aligned,counter,counter,red,neutral,green,counter,green,counter,counter,counter,3,Monday,Asia,aligned,med
2020-11-08T19:15:00+00:00,SHORT,win,2.2,15498.98,15650.0,15166.74,counter,counter,counter,counter,counter,counter,counter,counter,aligned,counter,counter,counter,counter,counter,counter,aligned,counter,counter,counter,counter,yellow_OB,neutral,green,counter,red,aligned,counter,counter,19,Sunday,off,aligned,low
2021-02-07T05:45:00+00:00,LONG,loss,-1.0,38494.57,37923.0,39752.01,aligned,aligned,aligned,aligned,aligned,aligned,aligned,aligned,counter,aligned,aligned,aligned,counter,counter,counter,counter,aligned,aligned,aligned,counter,green,yellow_OB,red,counter,green,aligned,aligned,aligned,5,Sunday,Asia,aligned,high
2021-05-17T18:45:00+00:00,LONG,loss,-1.0,43293.58,42001.0,46137.27,counter,counter,counter,counter,counter,counter,counter,counter,counter,counter,counter,counter,counter,counter,counter,counter,aligned,counter,counter,counter,yellow_OS,yellow_OS,red,counter,red,counter,counter,counter,18,Monday,off,aligned,med
2021-02-09T14:00:00+00:00,LONG,loss,-1.0,46050.75,44961.09,48448.0,aligned,aligned,aligned,aligned,aligned,aligned,aligned,aligned,aligned,aligned,aligned,aligned,counter,aligned,aligned,aligned,aligned,aligned,aligned,aligned,neutral,red,grey_from_green,counter,green,aligned,aligned,aligned,14,Tuesday,NY,aligned,med
2021-02-15T16:00:00+00:00,LONG,loss,-1.0,47931.76,47472.92,48941.21,aligned,aligned,aligned,aligned,aligned,aligned,aligned,aligned,counter,counter,counter,counter,aligned,counter,counter,counter,aligned,aligned,aligned,aligned,neutral,neutral,green,aligned,grey_from_green,counter,aligned,aligned,16,Monday,NY,aligned,high
2021-04-04T15:45:00+00:00,SHORT,win,2.2,58156.58,58492.85,57416.79,aligned,aligned,aligned,aligned,counter,aligned,aligned,aligned,aligned,aligned,aligned,aligned,counter,counter,counter,aligned,counter,counter,counter,aligned,neutral,green,green,counter,red,aligned,aligned,counter,15,Sunday,NY,aligned,med
2021-04-08T08:40:00+00:00,SHORT,loss,-1.0,56997.29,57333.85,56256.86,aligned,aligned,aligned,aligned,aligned,aligned,aligned,aligned,aligned,aligned,aligned,aligned,counter,counter,counter,aligned,counter,counter,aligned,aligned,neutral,green,green,counter,red,aligned,aligned,counter,8,Thursday,London,aligned,med
2021-05-28T12:15:00+00:00,LONG,loss,-1.0,35993.79,35100.0,37960.13,counter,counter,counter,counter,aligned,counter,counter,counter,counter,counter,counter,aligned,counter,counter,counter,counter,counter,counter,counter,counter,green,yellow_OS,red,counter,red,counter,counter,counter,12,Friday,NY,aligned,med
2021-05-31T17:20:00+00:00,SHORT,loss,-1.0,36957.54,37457.07,35858.59,aligned,aligned,aligned,aligned,counter,counter,aligned,aligned,counter,counter,counter,counter,counter,counter,counter,counter,aligned,aligned,aligned,counter,red,neutral,green,counter,grey_from_red,counter,counter,aligned,17,Monday,off,aligned,med
2021-06-18T02:45:00+00:00,LONG,loss,-1.0,37532.63,37213.0,38235.82,aligned,aligned,aligned,counter,aligned,aligned,aligned,aligned,counter,counter,counter,aligned,counter,counter,counter,counter,counter,counter,counter,counter,green,neutral,red,counter,red,counter,counter,aligned,2,Friday,Asia,aligned,med
2021-06-27T09:30:00+00:00,SHORT,loss,-1.0,32991.29,33499.0,31874.34,aligned,counter,counter,aligned,aligned,aligned,aligned,counter,counter,counter,counter,aligned,counter,counter,counter,counter,aligned,aligned,aligned,counter,red,neutral,green,counter,red,aligned,aligned,aligned,9,Sunday,London,aligned,low
2021-07-10T02:45:00+00:00,SHORT,loss,-1.0,33762.99,33909.67,33440.28,counter,counter,counter,counter,aligned,counter,counter,counter,counter,counter,aligned,aligned,counter,counter,counter,counter,aligned,aligned,aligned,counter,red,neutral,green,counter,grey_from_red,counter,aligned,aligned,2,Saturday,Asia,counter,med
2021-09-07T16:45:00+00:00,LONG,loss,-1.0,47245.9,42843.05,56932.19,aligned,aligned,aligned,aligned,aligned,aligned,aligned,counter,counter,counter,counter,counter,counter,counter,counter,counter,aligned,counter,counter,counter,green,neutral,red,counter,grey_from_green,counter,aligned,aligned,16,Tuesday,NY,aligned,high
2021-08-26T16:45:00+00:00,LONG,loss,-1.0,46806.25,46485.16,47512.66,counter,aligned,aligned,aligned,counter,counter,counter,counter,counter,counter,counter,counter,counter,counter,counter,counter,aligned,aligned,counter,counter,yellow_OS,green,red,counter,red,counter,counter,counter,16,Thursday,NY,aligned,med
2021-10-27T11:00:00+00:00,LONG,loss,-1.0,58871.93,58270.0,60196.18,counter,aligned,aligned,aligned,counter,counter,counter,aligned,counter,counter,counter,counter,counter,counter,counter,counter,aligned,aligned,counter,counter,green,green,red,counter,red,counter,counter,aligned,11,Wednesday,London,aligned,high
2021-10-28T21:00:00+00:00,SHORT,loss,-1.0,61528.68,62499.0,59393.96,aligned,aligned,counter,counter,aligned,aligned,aligned,counter,counter,counter,aligned,aligned,counter,counter,counter,counter,counter,counter,counter,counter,red,neutral,grey_from_green,aligned,red,aligned,aligned,aligned,21,Thursday,off,aligned,high
2021-11-09T17:45:00+00:00,LONG,win,2.2,66661.33,66222.4,67626.98,aligned,aligned,aligned,aligned,aligned,aligned,aligned,aligned,aligned,aligned,aligned,aligned,counter,counter,counter,aligned,aligned,aligned,aligned,aligned,neutral,yellow_OB,grey_from_green,counter,green,aligned,aligned,aligned,17,Tuesday,off,aligned,med
2021-12-05T07:45:00+00:00,SHORT,win,2.2,49464.49,49666.94,49019.08,aligned,aligned,aligned,aligned,aligned,aligned,aligned,aligned,aligned,aligned,aligned,aligned,counter,counter,counter,aligned,aligned,aligned,aligned,aligned,neutral,yellow_OS,green,counter,red,aligned,aligned,aligned,7,Sunday,London,aligned,low
2021-12-10T15:00:00+00:00,SHORT,loss,-1.0,48904.11,50125.0,46218.15,aligned,aligned,aligned,aligned,aligned,aligned,aligned,aligned,aligned,counter,counter,aligned,counter,counter,counter,aligned,aligned,aligned,aligned,aligned,neutral,yellow_OS,green,counter,red,aligned,aligned,aligned,15,Friday,NY,aligned,med
2021-12-24T16:00:00+00:00,LONG,loss,-1.0,50882.39,50384.43,51977.9,aligned,aligned,counter,counter,aligned,aligned,aligned,aligned,aligned,aligned,aligned,aligned,counter,aligned,aligned,aligned,aligned,counter,aligned,aligned,yellow_OB,red,grey_from_green,counter,green,aligned,aligned,aligned,16,Friday,NY,counter,med
2022-02-04T10:30:00+00:00,SHORT,win,2.2,37972.89,38236.08,37393.87,counter,counter,counter,aligned,counter,counter,counter,counter,counter,aligned,aligned,counter,counter,counter,counter,counter,aligned,aligned,counter,counter,red,neutral,green,counter,red,aligned,aligned,counter,10,Friday,London,aligned,med
2022-02-16T05:00:00+00:00,LONG,loss,-1.0,43881.35,43673.92,44337.7,aligned,aligned,aligned,aligned,aligned,aligned,aligned,aligned,aligned,aligned,aligned,counter,counter,counter,counter,aligned,counter,aligned,aligned,aligned,neutral,yellow_OB,grey_from_green,counter,green,aligned,aligned,aligned,5,Wednesday,Asia,aligned,med
2022-03-16T03:15:00+00:00,SHORT,loss,-1.0,40247.21,41718.0,37011.49,aligned,aligned,counter,counter,counter,aligned,aligned,aligned,counter,counter,counter,counter,counter,counter,counter,counter,aligned,aligned,counter,counter,red,yellow_OB,green,counter,green,counter,counter,aligned,3,Wednesday,Asia,aligned,high
2024-01-02T10:45:00+00:00,SHORT,win,2.2,45589.02,45879.63,44949.68,counter,aligned,aligned,counter,counter,counter,counter,aligned,counter,counter,counter,counter,counter,counter,counter,counter,counter,counter,counter,counter,red,red,grey_from_green,aligned,green,counter,counter,counter,10,Tuesday,London,aligned,high
2022-04-26T08:40:00+00:00,SHORT,win,2.2,40556.54,40797.31,40026.85,aligned,aligned,aligned,aligned,counter,counter,aligned,aligned,counter,counter,counter,counter,counter,counter,counter,counter,aligned,aligned,counter,counter,red,yellow_OB,grey_from_green,aligned,grey_from_red,counter,counter,counter,8,Tuesday,London,aligned,med
2022-04-23T17:00:00+00:00,SHORT,win,2.2,39845.45,39980.0,39549.44,aligned,aligned,aligned,aligned,counter,aligned,aligned,aligned,aligned,aligned,aligned,counter,counter,counter,counter,aligned,aligned,aligned,aligned,aligned,neutral,yellow_OS,green,counter,red,aligned,aligned,counter,17,Saturday,off,aligned,low
2022-04-27T14:15:00+00:00,SHORT,loss,-1.0,39014.18,39474.72,38000.98,aligned,aligned,aligned,aligned,aligned,aligned,aligned,aligned,aligned,aligned,aligned,aligned,counter,counter,counter,counter,aligned,aligned,aligned,aligned,yellow_OB,neutral,green,counter,red,aligned,counter,aligned,14,Wednesday,NY,aligned,low
2022-05-21T20:45:00+00:00,SHORT,loss,-1.0,29460.33,29580.02,29197.0,aligned,aligned,aligned,aligned,counter,counter,aligned,aligned,aligned,aligned,counter,counter,counter,counter,counter,counter,aligned,aligned,aligned,aligned,neutral,neutral,green,counter,red,aligned,counter,aligned,20,Saturday,off,aligned,low
2022-05-24T18:45:00+00:00,SHORT,loss,-1.0,29320.66,29487.67,28953.24,counter,aligned,aligned,aligned,counter,counter,counter,aligned,aligned,aligned,aligned,counter,counter,aligned,aligned,aligned,aligned,aligned,aligned,aligned,neutral,neutral,grey_from_red,counter,red,aligned,counter,counter,18,Tuesday,off,aligned,med
2022-05-31T13:15:00+00:00,LONG,loss,-1.0,31660.35,31200.01,32673.1,aligned,aligned,aligned,counter,aligned,aligned,aligned,aligned,aligned,aligned,aligned,aligned,counter,counter,aligned,aligned,counter,counter,aligned,aligned,yellow_OB,red,grey_from_green,counter,green,aligned,aligned,aligned,13,Tuesday,NY,aligned,low
2022-08-09T02:30:00+00:00,LONG,loss,-1.0,23767.42,23626.87,24076.63,aligned,aligned,aligned,aligned,aligned,aligned,aligned,aligned,aligned,aligned,aligned,aligned,counter,counter,counter,aligned,counter,aligned,aligned,aligned,neutral,yellow_OB,red,counter,green,aligned,aligned,counter,2,Tuesday,Asia,aligned,high
2022-09-07T19:45:00+00:00,SHORT,loss,-1.0,19089.11,19200.0,18845.14,aligned,aligned,aligned,aligned,aligned,aligned,aligned,aligned,aligned,aligned,aligned,aligned,counter,counter,counter,aligned,aligned,aligned,aligned,aligned,neutral,yellow_OS,green,counter,red,aligned,aligned,aligned,19,Wednesday,off,aligned,low
2022-09-21T18:15:00+00:00,SHORT,loss,-1.0,19288.53,19956.0,17820.11,aligned,aligned,aligned,aligned,aligned,aligned,aligned,aligned,counter,counter,counter,aligned,counter,counter,counter,counter,aligned,aligned,counter,aligned,red,neutral,green,counter,grey_from_red,counter,counter,aligned,18,Wednesday,off,aligned,med
2022-10-08T05:30:00+00:00,LONG,loss,-1.0,19465.06,19415.6,19573.89,aligned,aligned,aligned,aligned,counter,aligned,aligned,aligned,counter,counter,counter,counter,counter,counter,counter,counter,counter,counter,counter,counter,yellow_OS,yellow_OS,grey_from_red,aligned,red,counter,counter,counter,5,Saturday,Asia,aligned,med
2022-12-17T06:40:00+00:00,LONG,loss,-1.0,16701.22,16670.08,16769.71,counter,aligned,aligned,counter,counter,counter,counter,aligned,counter,counter,counter,counter,aligned,counter,counter,counter,counter,counter,counter,counter,green,green,grey_from_red,aligned,red,counter,counter,counter,6,Saturday,Asia,counter,med
2022-12-10T06:15:00+00:00,LONG,win,2.2,17144.44,17130.28,17175.61,aligned,aligned,aligned,aligned,aligned,aligned,aligned,aligned,aligned,aligned,aligned,aligned,counter,counter,counter,aligned,counter,counter,aligned,aligned,neutral,yellow_OB,grey_from_red,aligned,green,aligned,aligned,aligned,6,Saturday,Asia,counter,low
2023-02-02T14:15:00+00:00,LONG,loss,-1.0,23785.11,23525.0,24357.37,aligned,aligned,aligned,aligned,counter,counter,counter,aligned,aligned,aligned,aligned,counter,counter,aligned,aligned,aligned,aligned,aligned,aligned,aligned,yellow_OB,yellow_OB,grey_from_green,counter,green,aligned,aligned,aligned,14,Thursday,NY,counter,med
2023-03-07T21:45:00+00:00,LONG,win,2.2,22050.41,21943.0,22286.71,counter,counter,counter,counter,counter,counter,counter,counter,counter,counter,counter,counter,counter,counter,counter,counter,aligned,counter,counter,counter,yellow_OS,yellow_OS,red,counter,red,counter,counter,counter,21,Tuesday,off,aligned,high
2023-02-17T07:15:00+00:00,LONG,loss,-1.0,23708.06,23532.69,24093.87,counter,counter,counter,aligned,aligned,aligned,counter,counter,aligned,aligned,aligned,aligned,counter,counter,counter,counter,aligned,aligned,aligned,counter,yellow_OS,yellow_OB,red,counter,green,aligned,aligned,aligned,7,Friday,London,counter,med
2023-02-27T08:15:00+00:00,SHORT,loss,-1.0,23411.45,23456.85,23311.57,aligned,aligned,aligned,counter,aligned,aligned,aligned,aligned,counter,counter,aligned,aligned,aligned,counter,counter,counter,counter,counter,aligned,counter,yellow_OB,neutral,grey_from_green,aligned,green,counter,counter,aligned,8,Monday,London,counter,high
2023-02-27T21:00:00+00:00,LONG,loss,-1.0,23279.06,23106.77,23658.08,counter,counter,counter,aligned,counter,counter,counter,counter,aligned,aligned,counter,counter,counter,counter,counter,aligned,aligned,aligned,counter,counter,neutral,neutral,red,counter,green,aligned,aligned,counter,21,Monday,off,aligned,high
2023-03-26T14:30:00+00:00,SHORT,win,2.2,27992.21,28194.4,27547.39,counter,counter,counter,counter,aligned,counter,counter,counter,counter,aligned,aligned,aligned,counter,counter,counter,counter,counter,counter,counter,counter,red,neutral,green,counter,red,aligned,counter,counter,14,Sunday,NY,aligned,low
2023-03-30T23:30:00+00:00,LONG,win,2.2,27968.69,27786.66,28369.17,aligned,aligned,aligned,aligned,counter,aligned,aligned,aligned,aligned,aligned,aligned,counter,counter,counter,counter,counter,aligned,aligned,aligned,counter,yellow_OS,yellow_OB,red,counter,green,aligned,aligned,aligned,23,Thursday,off,aligned,med
2023-04-18T08:30:00+00:00,SHORT,loss,-1.0,29749.64,29831.0,29570.63,aligned,aligned,counter,counter,aligned,aligned,aligned,aligned,aligned,aligned,aligned,aligned,counter,counter,counter,counter,counter,counter,counter,aligned,neutral,green,green,counter,red,aligned,aligned,counter,8,Tuesday,London,aligned,med
2023-04-23T16:30:00+00:00,LONG,win,2.2,27500.08,27311.25,27915.51,counter,counter,counter,counter,counter,counter,counter,counter,aligned,counter,counter,counter,counter,aligned,aligned,aligned,aligned,counter,counter,counter,neutral,yellow_OS,red,counter,grey_from_red,aligned,counter,counter,16,Sunday,NY,aligned,med
2023-05-03T16:30:00+00:00,LONG,win,2.2,28331.24,28113.69,28809.83,counter,counter,counter,counter,aligned,counter,counter,counter,counter,counter,counter,counter,counter,counter,aligned,aligned,aligned,counter,counter,counter,yellow_OS,neutral,red,counter,grey_from_red,aligned,counter,aligned,16,Wednesday,NY,aligned,med
2023-05-04T19:45:00+00:00,LONG,win,2.2,28832.82,28673.59,29183.11,counter,counter,counter,counter,aligned,aligned,aligned,counter,aligned,aligned,counter,aligned,counter,counter,counter,aligned,aligned,aligned,aligned,aligned,neutral,yellow_OB,red,counter,green,aligned,aligned,aligned,19,Thursday,off,aligned,med
2023-05-25T13:40:00+00:00,SHORT,loss,-1.0,26352.62,26499.99,26028.42,aligned,aligned,aligned,aligned,aligned,aligned,aligned,aligned,aligned,aligned,aligned,aligned,counter,counter,counter,aligned,counter,aligned,aligned,aligned,neutral,yellow_OS,grey_from_red,counter,red,aligned,aligned,aligned,13,Thursday,NY,aligned,med
2023-06-02T01:30:00+00:00,LONG,win,2.2,26798.65,26505.0,27444.68,aligned,counter,counter,counter,counter,aligned,aligned,counter,counter,counter,counter,counter,counter,aligned,aligned,counter,aligned,counter,counter,counter,yellow_OS,yellow_OS,red,counter,red,counter,counter,counter,1,Friday,Asia,aligned,med
2023-05-29T22:45:00+00:00,LONG,win,2.2,27642.83,27554.57,27837.02,aligned,aligned,counter,counter,aligned,aligned,aligned,aligned,aligned,aligned,aligned,aligned,counter,counter,counter,counter,aligned,aligned,aligned,aligned,yellow_OS,red,red,counter,green,aligned,aligned,aligned,22,Monday,off,aligned,med
2023-06-20T13:15:00+00:00,LONG,loss,-1.0,26869.15,26652.0,27346.86,aligned,aligned,aligned,counter,aligned,aligned,aligned,aligned,aligned,aligned,aligned,aligned,counter,aligned,aligned,counter,aligned,aligned,aligned,aligned,yellow_OB,red,grey_from_green,counter,green,aligned,aligned,aligned,13,Tuesday,NY,counter,med
2023-07-17T19:30:00+00:00,LONG,loss,-1.0,29858.68,29659.2,30297.54,counter,counter,aligned,aligned,counter,counter,counter,counter,counter,counter,counter,counter,counter,counter,counter,counter,aligned,aligned,counter,counter,yellow_OS,green,red,counter,red,counter,counter,counter,19,Monday,off,aligned,high
2023-10-23T06:30:00+00:00,SHORT,loss,-1.0,30760.43,30985.12,30266.11,counter,counter,counter,counter,counter,counter,counter,counter,counter,counter,counter,counter,counter,counter,counter,counter,counter,counter,counter,counter,red,red,green,counter,grey_from_green,aligned,counter,counter,6,Monday,Asia,aligned,high
2023-07-25T11:00:00+00:00,SHORT,loss,-1.0,29168.02,29282.0,28917.26,aligned,aligned,aligned,aligned,aligned,aligned,aligned,aligned,aligned,aligned,aligned,aligned,counter,counter,aligned,aligned,counter,aligned,aligned,aligned,yellow_OS,green,green,counter,red,aligned,aligned,aligned,11,Tuesday,London,counter,low
2023-08-03T17:40:00+00:00,SHORT,win,2.2,29289.34,29368.86,29114.4,aligned,aligned,aligned,aligned,counter,aligned,aligned,aligned,aligned,counter,counter,counter,counter,counter,counter,counter,counter,aligned,aligned,counter,neutral,neutral,green,counter,grey_from_red,counter,aligned,aligned,17,Thursday,off,aligned,low
2023-08-09T20:30:00+00:00,LONG,win,2.2,29460.02,29376.67,29643.39,aligned,counter,counter,counter,aligned,aligned,aligned,counter,aligned,aligned,aligned,aligned,counter,counter,counter,counter,aligned,counter,aligned,counter,yellow_OS,red,red,counter,green,aligned,aligned,counter,20,Wednesday,off,aligned,med
2023-09-01T12:45:00+00:00,SHORT,win,2.2,26063.77,26156.0,25860.86,aligned,aligned,aligned,aligned,counter,counter,counter,aligned,aligned,aligned,aligned,counter,counter,aligned,aligned,aligned,aligned,aligned,aligned,aligned,yellow_OS,yellow_OS,grey_from_red,counter,red,aligned,aligned,aligned,12,Friday,NY,aligned,low
2023-10-08T12:30:00+00:00,LONG,loss,-1.0,27836.58,27687.5,28164.57,aligned,aligned,aligned,aligned,aligned,aligned,aligned,aligned,counter,counter,counter,aligned,counter,counter,counter,counter,aligned,aligned,aligned,counter,green,yellow_OB,red,counter,green,aligned,aligned,aligned,12,Sunday,NY,aligned,low
2023-11-18T20:15:00+00:00,SHORT,loss,-1.0,36636.87,36768.0,36348.38,aligned,counter,counter,counter,aligned,aligned,aligned,aligned,counter,counter,aligned,aligned,counter,counter,counter,counter,counter,counter,counter,counter,yellow_OB,neutral,green,counter,grey_from_red,counter,aligned,counter,20,Saturday,off,aligned,low
2023-11-20T13:15:00+00:00,LONG,loss,-1.0,37150.43,36677.0,38191.98,counter,aligned,aligned,aligned,counter,counter,counter,counter,aligned,aligned,aligned,aligned,counter,aligned,aligned,aligned,aligned,aligned,aligned,aligned,yellow_OB,neutral,grey_from_green,counter,green,aligned,aligned,aligned,13,Monday,NY,aligned,high
2023-11-29T17:40:00+00:00,LONG,loss,-1.0,37763.71,37650.0,38013.86,counter,counter,counter,aligned,aligned,aligned,counter,counter,aligned,aligned,aligned,aligned,counter,counter,counter,aligned,aligned,aligned,aligned,counter,neutral,yellow_OB,grey_from_green,counter,green,aligned,aligned,aligned,17,Wednesday,off,aligned,med
2023-12-18T15:15:00+00:00,SHORT,loss,-1.0,41538.81,41750.0,41074.19,aligned,aligned,aligned,counter,aligned,aligned,aligned,aligned,aligned,aligned,aligned,aligned,counter,counter,counter,aligned,counter,counter,aligned,aligned,neutral,green,grey_from_red,counter,red,aligned,aligned,aligned,15,Monday,NY,aligned,high
2023-12-19T21:20:00+00:00,LONG,win,2.2,42303.31,42121.12,42704.11,counter,counter,counter,aligned,counter,counter,counter,counter,aligned,aligned,aligned,counter,counter,counter,counter,aligned,aligned,aligned,aligned,aligned,neutral,neutral,red,counter,green,aligned,aligned,counter,21,Tuesday,off,aligned,med
2024-01-10T02:00:00+00:00,LONG,loss,-1.0,45829.26,45622.0,46285.22,aligned,aligned,aligned,aligned,aligned,aligned,aligned,aligned,aligned,aligned,aligned,aligned,counter,counter,counter,counter,aligned,aligned,aligned,aligned,yellow_OS,yellow_OB,red,counter,green,aligned,aligned,aligned,2,Wednesday,Asia,aligned,high
2024-01-31T13:40:00+00:00,LONG,win,2.2,42647.35,42521.31,42924.62,aligned,counter,counter,counter,aligned,aligned,aligned,counter,counter,counter,aligned,aligned,counter,counter,counter,counter,aligned,aligned,aligned,counter,green,yellow_OB,red,counter,grey_from_green,counter,aligned,aligned,13,Wednesday,NY,aligned,med
2024-03-22T02:30:00+00:00,LONG,win,2.2,65371.0,65120.01,65923.18,counter,counter,counter,aligned,counter,counter,counter,counter,aligned,aligned,aligned,counter,counter,counter,counter,aligned,aligned,aligned,counter,counter,yellow_OS,neutral,red,counter,green,aligned,aligned,counter,2,Friday,Asia,aligned,med
2024-04-09T02:15:00+00:00,LONG,loss,-1.0,71347.16,70833.33,72477.59,aligned,counter,counter,aligned,aligned,aligned,aligned,counter,aligned,aligned,aligned,aligned,counter,counter,counter,aligned,aligned,aligned,aligned,aligned,yellow_OB,red,grey_from_green,counter,green,aligned,aligned,aligned,2,Tuesday,Asia,aligned,med
2024-05-23T20:30:00+00:00,LONG,win,2.2,67290.01,66312.16,69441.28,aligned,aligned,aligned,counter,aligned,aligned,aligned,aligned,counter,counter,counter,counter,counter,counter,counter,counter,aligned,aligned,counter,counter,green,neutral,red,counter,red,counter,counter,aligned,20,Thursday,off,aligned,med
2024-05-23T15:15:00+00:00,LONG,loss,-1.0,68028.42,67610.95,68946.85,aligned,aligned,aligned,counter,aligned,aligned,aligned,aligned,counter,counter,counter,aligned,counter,counter,counter,counter,aligned,aligned,aligned,counter,green,yellow_OB,grey_from_red,aligned,grey_from_green,counter,counter,aligned,15,Thursday,NY,aligned,med
2024-05-22T08:15:00+00:00,LONG,loss,-1.0,69849.1,69587.62,70424.36,aligned,aligned,aligned,aligned,aligned,aligned,aligned,aligned,aligned,aligned,aligned,aligned,counter,counter,counter,counter,aligned,aligned,aligned,aligned,yellow_OS,yellow_OB,red,counter,green,aligned,aligned,aligned,8,Wednesday,London,aligned,low
2024-06-10T03:00:00+00:00,SHORT,win,2.2,69731.98,69801.34,69579.37,aligned,counter,counter,counter,aligned,aligned,aligned,counter,aligned,aligned,aligned,aligned,counter,counter,counter,counter,counter,counter,counter,counter,yellow_OB,yellow_OS,grey_from_green,aligned,red,aligned,aligned,counter,3,Monday,Asia,aligned,med
2024-07-27T21:00:00+00:00,LONG,win,2.2,67506.26,66650.0,69390.03,aligned,aligned,aligned,aligned,counter,aligned,aligned,aligned,aligned,aligned,aligned,counter,counter,counter,counter,aligned,aligned,aligned,aligned,aligned,neutral,red,grey_from_green,counter,green,aligned,aligned,aligned,21,Saturday,off,aligned,med
2024-08-01T13:15:00+00:00,SHORT,win,2.2,64748.43,64949.58,64305.92,aligned,counter,counter,counter,aligned,aligned,aligned,counter,aligned,aligned,aligned,aligned,counter,counter,counter,aligned,counter,counter,aligned,aligned,neutral,green,grey_from_red,counter,red,aligned,aligned,aligned,13,Thursday,NY,aligned,med
2024-08-03T13:00:00+00:00,SHORT,win,2.2,62045.24,62198.22,61708.67,aligned,aligned,aligned,aligned,aligned,aligned,aligned,aligned,aligned,aligned,aligned,aligned,counter,aligned,aligned,aligned,counter,aligned,aligned,aligned,yellow_OS,green,grey_from_red,counter,red,aligned,aligned,aligned,13,Saturday,NY,aligned,low
2024-08-12T07:40:00+00:00,LONG,win,2.2,58521.79,57642.21,60456.87,counter,counter,counter,counter,aligned,counter,counter,counter,counter,counter,aligned,aligned,counter,counter,counter,counter,counter,counter,counter,counter,green,neutral,grey_from_red,aligned,red,counter,counter,counter,7,Monday,London,aligned,high
2024-08-26T08:15:00+00:00,LONG,loss,-1.0,63742.0,63575.0,64109.4,aligned,aligned,aligned,aligned,aligned,aligned,aligned,aligned,counter,aligned,aligned,aligned,counter,counter,counter,counter,aligned,aligned,aligned,counter,green,red,red,counter,grey_from_green,counter,aligned,aligned,8,Monday,London,aligned,med
2024-09-04T17:30:00+00:00,SHORT,win,2.2,58143.44,58519.0,57317.21,aligned,aligned,aligned,aligned,aligned,aligned,aligned,aligned,counter,counter,counter,aligned,counter,counter,counter,counter,aligned,aligned,aligned,counter,red,yellow_OS,grey_from_red,counter,red,aligned,aligned,aligned,17,Wednesday,off,aligned,med
2024-09-16T03:30:00+00:00,LONG,win,2.2,58391.0,58112.0,59004.8,aligned,aligned,aligned,aligned,aligned,aligned,aligned,aligned,counter,counter,aligned,aligned,counter,counter,counter,counter,counter,aligned,counter,counter,green,yellow_OB,red,counter,grey_from_green,counter,aligned,aligned,3,Monday,Asia,aligned,high
2024-09-14T19:30:00+00:00,LONG,loss,-1.0,59797.01,59400.0,60670.42,aligned,aligned,aligned,aligned,aligned,aligned,aligned,aligned,aligned,aligned,aligned,aligned,counter,counter,counter,counter,aligned,aligned,aligned,aligned,neutral,red,red,counter,green,aligned,aligned,aligned,19,Saturday,off,aligned,low
2024-09-17T11:15:00+00:00,SHORT,loss,-1.0,59171.83,59445.76,58569.18,counter,counter,counter,aligned,counter,counter,counter,counter,aligned,aligned,aligned,counter,counter,counter,counter,counter,aligned,aligned,counter,counter,yellow_OB,yellow_OS,green,counter,red,aligned,aligned,counter,11,Tuesday,London,aligned,med
2024-09-22T11:30:00+00:00,LONG,loss,-1.0,62708.71,62544.94,63068.99,aligned,aligned,aligned,aligned,aligned,aligned,aligned,aligned,counter,counter,counter,aligned,counter,counter,counter,counter,aligned,aligned,aligned,counter,green,yellow_OB,red,counter,grey_from_green,counter,counter,aligned,11,Sunday,London,aligned,low
2024-09-30T07:15:00+00:00,LONG,loss,-1.0,64520.0,64310.0,64982.0,aligned,aligned,aligned,aligned,counter,aligned,aligned,aligned,counter,counter,counter,counter,counter,counter,counter,counter,aligned,aligned,counter,counter,green,neutral,red,counter,grey_from_green,counter,counter,aligned,7,Monday,London,aligned,high
2024-10-08T00:30:00+00:00,LONG,loss,-1.0,62385.63,62128.0,62952.43,counter,aligned,aligned,aligned,counter,counter,counter,aligned,counter,aligned,aligned,counter,counter,counter,counter,counter,aligned,aligned,counter,counter,neutral,neutral,red,counter,green,aligned,aligned,counter,0,Tuesday,Asia,counter,high
2024-11-12T14:45:00+00:00,LONG,win,2.2,86176.64,85072.0,88606.83,aligned,aligned,aligned,aligned,aligned,aligned,aligned,aligned,aligned,aligned,aligned,aligned,counter,counter,counter,aligned,aligned,aligned,aligned,aligned,neutral,red,grey_from_green,counter,green,aligned,aligned,aligned,14,Tuesday,NY,aligned,high
2024-11-16T14:40:00+00:00,LONG,loss,-1.0,90902.68,90608.8,91549.23,aligned,aligned,aligned,aligned,aligned,aligned,aligned,aligned,counter,counter,counter,aligned,counter,aligned,aligned,counter,aligned,aligned,aligned,aligned,neutral,yellow_OB,grey_from_green,counter,green,aligned,aligned,aligned,14,Saturday,NY,aligned,low
2024-12-12T22:40:00+00:00,LONG,loss,-1.0,100046.0,99513.0,101218.6,counter,counter,aligned,aligned,aligned,counter,counter,counter,aligned,aligned,aligned,aligned,counter,counter,counter,aligned,aligned,aligned,aligned,aligned,neutral,neutral,grey_from_green,counter,green,aligned,aligned,aligned,22,Thursday,off,aligned,med
2024-12-14T14:15:00+00:00,LONG,loss,-1.0,101302.25,100826.38,102349.16,counter,counter,aligned,aligned,aligned,aligned,counter,counter,aligned,aligned,aligned,aligned,counter,counter,counter,counter,aligned,aligned,aligned,aligned,neutral,yellow_OB,red,counter,green,aligned,counter,aligned,14,Saturday,NY,aligned,low
2024-12-16T13:15:00+00:00,LONG,win,2.2,103805.97,103333.0,104846.5,aligned,aligned,aligned,aligned,aligned,aligned,aligned,counter,aligned,aligned,aligned,aligned,counter,counter,counter,aligned,aligned,aligned,aligned,aligned,neutral,yellow_OB,grey_from_green,counter,green,aligned,aligned,aligned,13,Monday,NY,aligned,high
2025-01-15T02:30:00+00:00,SHORT,loss,-1.0,97043.01,97554.63,95917.46,counter,aligned,aligned,aligned,counter,counter,counter,aligned,counter,counter,counter,counter,counter,counter,counter,counter,counter,counter,counter,counter,red,red,grey_from_green,aligned,green,counter,counter,counter,2,Wednesday,Asia,aligned,med
2025-01-22T17:15:00+00:00,LONG,loss,-1.0,103955.68,103339.12,105312.13,aligned,aligned,aligned,counter,aligned,aligned,aligned,aligned,counter,counter,counter,aligned,counter,counter,counter,counter,aligned,aligned,aligned,counter,green,yellow_OB,red,counter,green,aligned,counter,aligned,17,Wednesday,off,aligned,low
2025-02-22T13:30:00+00:00,SHORT,win,2.2,96780.94,96980.0,96343.01,aligned,aligned,aligned,aligned,counter,counter,counter,aligned,aligned,aligned,aligned,counter,counter,counter,aligned,aligned,counter,aligned,aligned,aligned,neutral,neutral,green,counter,grey_from_green,aligned,counter,counter,13,Saturday,NY,aligned,low
2025-03-06T00:30:00+00:00,SHORT,loss,-1.0,90462.67,91000.0,89280.54,counter,aligned,aligned,aligned,counter,counter,counter,aligned,counter,counter,counter,counter,counter,counter,counter,counter,counter,aligned,counter,counter,red,red,green,counter,green,counter,counter,aligned,0,Thursday,Asia,counter,med
2025-04-07T23:40:00+00:00,SHORT,loss,-1.0,79541.53,80218.88,78051.36,aligned,aligned,aligned,aligned,aligned,aligned,aligned,aligned,aligned,aligned,aligned,aligned,counter,counter,counter,counter,aligned,aligned,aligned,counter,yellow_OB,yellow_OS,green,counter,red,aligned,aligned,aligned,23,Monday,off,aligned,high
2025-05-09T17:15:00+00:00,LONG,win,2.2,102772.66,102315.14,103779.2,aligned,aligned,aligned,aligned,aligned,aligned,aligned,aligned,aligned,aligned,aligned,aligned,counter,counter,counter,aligned,aligned,aligned,aligned,aligned,yellow_OB,yellow_OB,grey_from_green,counter,green,aligned,aligned,aligned,17,Friday,off,aligned,med
2025-05-26T11:00:00+00:00,SHORT,loss,-1.0,109732.96,110086.96,108954.14,counter,counter,counter,counter,counter,counter,counter,counter,counter,aligned,counter,counter,counter,counter,counter,counter,counter,counter,counter,counter,yellow_OB,neutral,green,counter,grey_from_red,counter,counter,counter,11,Monday,London,aligned,med
2025-07-10T13:15:00+00:00,LONG,loss,-1.0,110876.51,110500.0,111704.82,aligned,aligned,aligned,counter,aligned,aligned,aligned,aligned,aligned,aligned,aligned,aligned,counter,counter,aligned,aligned,aligned,aligned,aligned,aligned,yellow_OB,red,grey_from_green,counter,green,aligned,aligned,aligned,13,Thursday,NY,aligned,low
2025-08-07T16:45:00+00:00,SHORT,loss,-1.0,116427.83,116791.11,115628.61,aligned,aligned,aligned,aligned,counter,aligned,aligned,aligned,counter,counter,counter,counter,counter,counter,counter,counter,counter,counter,counter,counter,red,yellow_OB,green,counter,green,counter,counter,aligned,16,Thursday,NY,aligned,med
2025-10-02T14:45:00+00:00,SHORT,loss,-1.0,119254.77,119788.0,118081.66,counter,counter,counter,counter,counter,counter,counter,counter,counter,counter,counter,counter,counter,counter,counter,counter,counter,counter,counter,counter,red,red,grey_from_green,aligned,green,counter,counter,counter,14,Thursday,NY,aligned,med
2025-08-26T15:30:00+00:00,SHORT,loss,-1.0,110150.92,110561.76,109247.06,aligned,aligned,aligned,aligned,aligned,aligned,aligned,aligned,aligned,aligned,aligned,aligned,counter,counter,counter,aligned,counter,aligned,aligned,aligned,neutral,yellow_OS,grey_from_red,counter,red,aligned,aligned,aligned,15,Tuesday,NY,aligned,med
2025-09-03T00:45:00+00:00,SHORT,win,2.2,111456.03,111782.21,110738.43,aligned,aligned,aligned,aligned,counter,counter,aligned,aligned,counter,counter,counter,counter,counter,counter,counter,counter,counter,aligned,counter,counter,yellow_OB,red,green,counter,green,counter,counter,aligned,0,Wednesday,Asia,aligned,med
2025-09-20T15:45:00+00:00,SHORT,win,2.2,116015.36,116121.81,115781.19,counter,counter,counter,aligned,aligned,counter,counter,counter,aligned,aligned,aligned,aligned,counter,counter,counter,aligned,counter,counter,counter,aligned,neutral,yellow_OS,green,counter,red,aligned,aligned,counter,15,Saturday,NY,aligned,low
2025-10-27T23:45:00+00:00,LONG,loss,-1.0,114074.0,113788.32,114702.5,aligned,aligned,aligned,counter,aligned,aligned,aligned,aligned,aligned,aligned,aligned,aligned,counter,counter,counter,counter,aligned,aligned,aligned,aligned,yellow_OS,red,red,counter,green,aligned,aligned,aligned,23,Monday,off,aligned,med
2025-11-24T19:45:00+00:00,SHORT,loss,-1.0,88485.35,88834.62,87716.94,aligned,aligned,aligned,aligned,aligned,aligned,aligned,aligned,counter,counter,counter,counter,counter,counter,counter,counter,aligned,aligned,aligned,counter,red,neutral,grey_from_red,counter,green,counter,counter,aligned,19,Monday,off,aligned,high
2025-11-24T13:15:00+00:00,LONG,loss,-1.0,86161.52,85272.0,88118.48,counter,counter,counter,counter,counter,counter,counter,counter,aligned,aligned,aligned,aligned,counter,counter,counter,aligned,counter,counter,counter,counter,neutral,neutral,red,counter,green,aligned,aligned,counter,13,Monday,NY,aligned,high
2025-12-02T07:15:00+00:00,SHORT,win,2.2,87041.29,87179.22,86737.84,counter,aligned,aligned,aligned,aligned,counter,counter,aligned,aligned,aligned,aligned,counter,counter,counter,counter,aligned,aligned,aligned,aligned,aligned,neutral,yellow_OS,green,counter,red,aligned,counter,counter,7,Tuesday,London,aligned,med
2025-12-05T19:30:00+00:00,LONG,win,2.2,89261.03,88814.88,90242.56,aligned,aligned,aligned,counter,aligned,aligned,aligned,aligned,counter,counter,counter,aligned,counter,counter,counter,counter,counter,counter,counter,counter,green,neutral,red,counter,red,counter,counter,aligned,19,Friday,off,aligned,high
2026-01-20T23:45:00+00:00,LONG,win,2.2,88309.46,87895.98,89219.13,counter,aligned,aligned,aligned,counter,counter,counter,aligned,counter,counter,counter,counter,counter,counter,counter,counter,counter,counter,counter,counter,green,green,red,counter,red,counter,counter,counter,23,Tuesday,off,aligned,high
2026-02-15T21:15:00+00:00,LONG,win,2.2,68585.54,68000.0,69873.73,counter,counter,counter,counter,aligned,aligned,aligned,counter,counter,aligned,aligned,aligned,counter,counter,counter,counter,counter,counter,counter,counter,green,neutral,red,counter,green,aligned,aligned,aligned,21,Sunday,off,aligned,med
2026-03-06T01:45:00+00:00,LONG,loss,-1.0,70987.89,70344.03,72404.37,aligned,aligned,aligned,aligned,aligned,aligned,aligned,aligned,counter,aligned,aligned,aligned,counter,counter,counter,counter,counter,counter,aligned,aligned,yellow_OS,yellow_OB,red,counter,grey_from_green,counter,aligned,aligned,1,Friday,Asia,counter,med
2026-03-18T17:40:00+00:00,LONG,loss,-1.0,71450.42,71037.34,72359.18,aligned,aligned,aligned,aligned,aligned,aligned,aligned,aligned,counter,counter,counter,counter,counter,counter,counter,counter,counter,aligned,counter,counter,green,neutral,red,counter,grey_from_green,counter,counter,aligned,17,Wednesday,off,aligned,med
2026-04-15T00:15:00+00:00,LONG,loss,-1.0,74312.61,73806.09,75426.94,aligned,aligned,aligned,aligned,aligned,aligned,aligned,aligned,aligned,aligned,aligned,aligned,counter,counter,counter,aligned,counter,aligned,aligned,aligned,neutral,yellow_OB,red,counter,green,aligned,aligned,aligned,0,Wednesday,Asia,counter,med
